"0","start_time <- Sys.time()"
"0",""
"0","drawTree <- function(depth, length, angle1 = 30, angle2 = 25, factor = 0.7) {"
"0","  if (depth == 0) {"
"0","    turtle_forward(length)"
"0","    turtle_backward(length)"
"0","  } else {"
"0","    turtle_forward(length)"
"0","    turtle_right(angle1)"
"0","    drawTree(depth - 1, length * factor, angle1, angle2, factor)"
"0","    turtle_left(angle1 + angle2)"
"0","    drawTree(depth - 1, length * factor, angle1, angle2, factor)"
"0","    turtle_right(angle2)"
"0","    drawTree(depth - 1, length * factor, angle1, angle2, factor)"
"0","    turtle_left(angle2 + angle1)"
"0","    drawTree(depth - 1, length * factor, angle1, angle2, factor)"
"0","    turtle_right(angle1)"
"0","    turtle_backward(length)"
"0","    turtle_col(""darkgreen"")"
"0","  }"
"0","}"
"0",""
"0","# Define a function to draw a forest of fractal trees"
"0","drawForest <- function(numTrees, maxDepth, maxLength) {"
"0","  # Set the turtle graphics window size"
"0","  turtle_init(width = 1200, height = 1200, mode = 'cycle')"
"0","  "
"0","  # Loop through each tree"
"0","  for (i in 1:numTrees) {"
"0","    # Set the turtle graphics position and angle"
"0","    turtle_up()"
"0","    turtle_forward(runif(1, -400, 400))"
"0","    turtle_right(runif(1, 0, 360))"
"0","    "
"0","    # Draw the tree"
"0","    drawTree(depth = round(runif(1, 1, maxDepth)), length = runif(1, 50, maxLength))"
"0","  }"
"0","  "
"0","  # Save the image"
"0","  dev.copy(png, ""turtle_plot.png"", width = 800, height = 800)"
"0","  dev.off()"
"0","}"
"0",""
"0","# Draw a forest of fractal trees with 10 trees, maximum depth of 6, and maximum length of 200"
"0","drawForest(numTrees = 5, maxDepth = 6, maxLength = 200)"
"2","Error: node stack overflow
"
"2","Error during wrapup: "
"2","node stack overflow
"
"2","Error: no more error handlers available (recursive errors?); invoking 'abort' restart
"
